video_id,tipo,frame_id,time_s,brightness,contrast,blur,noise,temporal_instability,D_video_obs,num_detections,detection_success,max_confidence,avg_confidence,R_det_frame,read_latency_ms,inference_latency_ms,total_latency_ms,latency_success,R_system_proxy,detected_classes
video_digital_4,digital,10,0.33366700033366703,105.61993055555556,51.89018176769153,174.1142906417093,3.2661852836608887,3.7330946180555555,0.17517199280256224,0,0,0.0,0.0,0.0,0.32950000604614615,37.14369999943301,41.408799996133894,1,0.0,
video_digital_4,digital,11,0.3670337003670337,105.6052734375,51.78634344261173,198.68017435391272,3.492194890975952,3.2212022569444443,0.16426143122143136,0,0,0.0,0.0,0.0,0.3077000146731734,37.20269998302683,41.48650000570342,1,0.0,
video_digital_4,digital,12,0.4004004004004004,105.60262586805555,51.54612852097284,163.3722110833062,3.184122323989868,3.523246527777778,0.19671896808451222,0,0,0.0,0.0,0.0,0.27869996847584844,37.18109999317676,41.07420000946149,1,0.0,
video_digital_4,digital,13,0.4337671004337671,105.28414496527778,51.55765704872542,194.29413921891197,3.4491684436798096,3.442612847222222,0.1654209209956603,0,0,0.0,0.0,0.0,0.3063000040128827,38.31979999085888,41.84510000050068,1,0.0,
video_digital_4,digital,14,0.4671338004671338,105.16280381944445,51.340666211777496,172.95839614301138,3.288224935531616,3.8431553819444444,0.17994491735032067,0,0,0.0,0.0,0.0,0.2807999844662845,42.073799995705485,45.61899998225272,1,0.0,
video_digital_4,digital,15,0.5005005005005005,104.89293402777778,51.29844893626395,199.04101709881064,3.528874158859253,3.5200520833333333,0.1672983337666957,0,0,0.0,0.0,0.0,0.5728999967686832,37.784599990118295,41.701999958604574,1,0.0,
video_digital_4,digital,16,0.5338672005338673,105.21151041666667,51.00722378180344,170.32453709121518,3.2448933124542236,3.6634895833333334,0.18548227537231834,0,0,0.0,0.0,0.0,0.3285999991931021,41.77140002138913,45.598800003062934,1,0.0,
video_digital_4,digital,17,0.5672339005672339,104.91696180555556,51.03618964293254,184.7728783554077,3.3807032108306885,3.816388888888889,0.16758720324972692,0,0,0.0,0.0,0.0,0.43750001350417733,44.312499987427145,48.493699985556304,1,0.0,
video_digital_4,digital,18,0.6006006006006006,104.972109375,50.86982061297612,207.7989568710327,3.5519351959228516,3.6560677083333335,0.1688386081955921,0,0,0.0,0.0,0.0,0.7000999758020043,54.18519995873794,59.46749995928258,1,0.0,
video_digital_4,digital,19,0.6339673006339673,105.07797743055555,50.72156706669146,175.3336248263889,3.284911870956421,3.805407986111111,0.17697024697108996,0,0,0.0,0.0,0.0,0.33549999352544546,53.00919996807352,57.55889997817576,1,0.0,
video_digital_4,digital,20,0.6673340006673341,105.0699435763889,50.610546713360925,205.90115649406528,3.587580919265747,3.4448480902777776,0.1693058930772288,0,0,0.0,0.0,0.0,0.4409999819472432,59.66130003798753,65.06930000614375,1,0.0,
video_digital_4,digital,21,0.7007007007007007,105.03054253472222,50.43520122774112,170.9480213523394,3.251840114593506,3.7420746527777777,0.18627621941452682,0,0,0.0,0.0,0.0,0.3899000003002584,46.896599989850074,50.75290001695976,1,0.0,
video_digital_4,digital,22,0.7340674007340674,104.8291796875,50.346375156785435,202.2333702482812,3.501931667327881,3.5040798611111112,0.16988398514453915,0,0,0.0,0.0,0.0,0.38919999497011304,50.160599988885224,54.55359996994957,1,0.0,
video_digital_4,digital,23,0.7674341007674341,105.01831163194444,50.063529507344434,172.3417869282287,3.251784563064575,3.5513628472222223,0.18420704178232436,0,0,0.0,0.0,0.0,0.3431999939493835,46.094999997876585,50.07479997584596,1,0.0,
video_digital_4,digital,24,0.8008008008008008,104.46891059027777,50.21738737981257,175.69196207635196,3.3018462657928467,3.5017274305555555,0.17795413001001212,0,0,0.0,0.0,0.0,0.3398999688215554,40.90860002906993,44.90350000560284,1,0.0,
video_digital_4,digital,25,0.8341675008341676,104.31535590277778,50.120856838624746,198.34406650563935,3.504197597503662,3.0224175347222224,0.17024481110588097,0,0,0.0,0.0,0.0,0.3111999831162393,47.18210001010448,50.54319999180734,1,0.0,
video_digital_4,digital,26,0.8675342008675342,104.49653645833334,49.81255703834449,170.95399681937133,3.2292356491088867,3.1828993055555554,0.18747234410894373,0,0,0.0,0.0,0.0,0.35149999894201756,44.77370000677183,48.88160002883524,1,0.0,
video_digital_4,digital,27,0.9009009009009009,104.4644140625,49.65482906639871,200.16085582674754,3.528337001800537,2.7320703125,0.1710174848059896,0,0,0.0,0.0,0.0,0.33360003726556897,43.32360002445057,47.209400043357164,1,0.0,
video_digital_4,digital,28,0.9342676009342676,103.93622395833333,49.8374328927437,172.3052987774696,3.1988117694854736,3.332269965277778,0.1854351016223288,0,0,0.0,0.0,0.0,0.292200013063848,46.25859996303916,48.859599977731705,1,0.0,
video_digital_4,digital,29,0.9676343009676344,104.104375,49.53385355013319,192.45419068166473,3.450324773788452,2.7740798611111113,0.17134539088938913,0,0,0.0,0.0,0.0,0.31999999191612005,49.560300016310066,53.29670000355691,1,0.0,
video_digital_4,digital,30,1.001001001001001,104.27975694444444,49.244736216978694,149.35570292124805,3.0234334468841553,2.425920138888889,0.22975496121231653,0,0,0.0,0.0,0.0,0.44570001773536205,46.075599966570735,50.56130001321435,1,0.0,
video_digital_4,digital,31,1.0343677010343677,104.25258680555555,49.15182926094741,187.4560136474609,3.388791084289551,2.2223350694444446,0.17081777594739164,0,0,0.0,0.0,0.0,0.3926999634131789,48.18129999330267,51.95339996134862,1,0.0,
video_digital_4,digital,32,1.0677344010677345,104.30675347222223,49.22477497918831,159.17846917792423,3.135568618774414,2.6818229166666665,0.21136208570695672,0,0,0.0,0.0,0.0,0.46230002772063017,40.8993000164628,44.58640003576875,1,0.0,
video_digital_4,digital,33,1.1011011011011012,104.42897569444445,49.11986887246362,194.72677020934307,3.4811463356018066,2.2717708333333335,0.171409968735897,0,0,0.0,0.0,0.0,0.2954999799840152,41.72550002112985,45.11349997483194,1,0.0,
video_digital_4,digital,34,1.1344678011344678,104.64319010416666,49.049531814756875,161.86273384331597,3.128279685974121,2.3920008680555553,0.205506434102923,0,0,0.0,0.0,0.0,0.3632999723777175,45.34890002105385,49.443299998529255,1,0.0,
video_digital_4,digital,35,1.1678345011678346,104.71072048611111,48.993022441143594,192.9966593573488,3.411515474319458,2.042712673611111,0.17054723285895132,0,0,0.0,0.0,0.0,0.33820001408457756,47.0229999627918,51.692300010472536,1,0.0,
video_digital_4,digital,36,1.2012012012012012,104.98057725694444,48.77719558757962,159.00750426763844,3.1123130321502686,2.284995659722222,0.2112909915739565,0,0,0.0,0.0,0.0,0.3331999760121107,41.44050000468269,45.158299966715276,1,0.0,
video_digital_4,digital,37,1.234567901234568,104.84514756944445,48.74708792829209,187.43846351152584,3.391909599304199,1.9268880208333334,0.17074387632847257,0,0,0.0,0.0,0.0,0.38460001815110445,40.74570001102984,43.90410002088174,1,0.0,
video_digital_4,digital,38,1.2679346012679347,104.98609375,48.607962750225624,154.16512420398098,3.1103017330169678,2.21203125,0.2213025671727635,0,0,0.0,0.0,0.0,0.40309998439624906,34.31710001314059,38.374299998395145,1,0.0,
video_digital_4,digital,39,1.3013013013013013,104.96909722222222,48.587823190378025,175.40781341686483,3.3071796894073486,1.7380902777777778,0.17931860664794563,0,0,0.0,0.0,0.0,0.3559000324457884,40.56090000085533,44.68639998231083,1,0.0,
video_digital_4,digital,40,1.3346680013346681,104.66284288194444,48.80309289679315,164.0871953733656,3.2045395374298096,2.4756987847222223,0.20240383392542763,0,0,0.0,0.0,0.0,0.32110000029206276,37.12360002100468,40.90560000622645,1,0.0,
video_digital_4,digital,41,1.3680347013680347,104.7688671875,48.75532238059231,181.18418413626586,3.3869359493255615,1.8350086805555557,0.17060465951817239,0,0,0.0,0.0,0.0,0.35119999665766954,33.258399984333664,36.21290001319721,1,0.0,
video_digital_4,digital,42,1.4014014014014013,104.87954427083334,48.64146982536072,159.79861018872674,3.1262285709381104,2.124045138888889,0.21000641799245834,0,0,0.0,0.0,0.0,0.3580999909900129,30.72570002404973,33.41440000804141,1,0.0,
video_digital_4,digital,43,1.4347681014347682,104.84650173611111,48.64839845933248,183.3686403359307,3.3607778549194336,1.7793793402777778,0.17054012936392407,0,0,0.0,0.0,0.0,0.2701999619603157,32.94319997075945,35.704499983694404,1,0.0,
video_digital_4,digital,44,1.4681348014681348,104.58661892361111,48.73405380875158,193.03483982700303,3.4628634452819824,2.624431423611111,0.1728661875381163,0,0,0.0,0.0,0.0,0.31100003980100155,33.74509996501729,36.906199995428324,1,0.0,
video_digital_4,digital,45,1.5015015015015016,104.13766493055556,49.06524707205595,205.84248885616725,3.5478782653808594,2.413980034722222,0.17262027135299224,0,0,0.0,0.0,0.0,0.3583999932743609,33.88389997417107,38.1749999942258,1,0.0,
video_digital_4,digital,46,1.5348682015348682,104.40059461805555,48.883576139021216,232.37818458069222,3.766667604446411,1.9225824652777779,0.17336722726860732,0,0,0.0,0.0,0.0,0.3206999972462654,36.59129998413846,40.27459997450933,1,0.0,
video_digital_4,digital,47,1.5682349015682349,105.04584201388889,48.51144847234272,183.22428384663144,3.3368704319000244,2.2465321180555557,0.17141342570538542,0,0,0.0,0.0,0.0,0.34529995173215866,42.36500000115484,45.70459999376908,1,0.0,
video_digital_4,digital,48,1.6016016016016017,105.29549479166667,48.41214982353532,203.02683649442696,3.5209224224090576,2.075920138888889,0.17231054278934535,0,0,0.0,0.0,0.0,0.3294000052846968,38.03689999040216,41.838500008452684,1,0.0,
video_digital_4,digital,49,1.6349683016349683,104.7923263888889,48.71159684110281,190.99496778924257,3.4239916801452637,2.4697222222222224,0.17213911666663173,0,0,0.0,0.0,0.0,0.3077000146731734,38.56859996449202,42.11430001305416,1,0.0,
video_digital_4,digital,50,1.6683350016683351,104.44316840277777,48.977919391067346,203.9925257968479,3.5294482707977295,2.441736111111111,0.17243953917596144,0,0,0.0,0.0,0.0,0.3464000183157623,36.424599995370954,40.180600015446544,1,0.0,
video_digital_4,digital,51,1.7017017017017018,104.73258680555556,48.837053067688416,230.50638958212767,3.7665534019470215,2.035486111111111,0.17332050427138204,0,0,0.0,0.0,0.0,0.3330999752506614,29.684500012081116,33.38360000634566,1,0.0,
video_digital_4,digital,52,1.7350684017350684,105.06108506944445,48.616612935667504,184.64020166347171,3.34187388420105,2.1238194444444445,0.17089829288928843,0,0,0.0,0.0,0.0,0.33660000190138817,34.196100023109466,37.10660000797361,1,0.0,
video_digital_4,digital,53,1.7684351017684352,104.88442708333334,48.78467919491664,206.63615928789304,3.5497324466705322,2.008072916666667,0.17179463551219792,0,0,0.0,0.0,0.0,0.3071000101044774,33.9067000313662,37.52509999321774,1,0.0,
video_digital_4,digital,54,1.8018018018018018,104.99977430555556,48.67680598520495,180.5969225486284,3.2790582180023193,2.2642100694444443,0.17064290437209384,0,0,0.0,0.0,0.0,0.29989995528012514,35.17610003473237,37.89039998082444,1,0.0,
video_digital_4,digital,55,1.8351685018351687,105.0525,48.638382234495516,206.06009886186388,3.5260164737701416,1.8564583333333333,0.17157251015479696,0,0,0.0,0.0,0.0,0.32869999995455146,33.14810001756996,37.67630003858358,1,0.0,
video_digital_4,digital,56,1.8685352018685353,104.8809765625,48.793448543300514,180.93579457194008,3.320525646209717,2.3631727430555554,0.17091140650544936,0,0,0.0,0.0,0.0,0.29090000316500664,30.81460000248626,33.40319998096675,1,0.0,
video_digital_4,digital,57,1.901901901901902,105.06382378472222,48.65665004970262,199.37473740234375,3.5016672611236572,1.9192274305555554,0.17146235827037093,0,0,0.0,0.0,0.0,0.3578999894671142,30.767399992328137,33.51219999603927,1,0.0,
video_digital_4,digital,58,1.9352686019352687,104.71679253472222,48.74246039585336,199.59469599601837,3.5177977085113525,2.821128472222222,0.1734240586806639,0,0,0.0,0.0,0.0,0.318799982778728,34.07669998705387,37.50849998323247,1,0.0,
video_digital_4,digital,59,1.9686353019686353,104.20341145833333,49.101708895790495,204.51298840510992,3.5650510787963867,2.3273046875,0.17239071500427006,0,0,0.0,0.0,0.0,0.26649999199435115,31.41290001804009,34.10069999517873,1,0.0,
video_digital_4,digital,60,2.002002002002002,104.46683159722222,48.99208962717974,232.2569215218815,3.7653510570526123,2.018923611111111,0.17315112553898054,0,0,0.0,0.0,0.0,0.2799999783746898,31.520600023213774,34.12600001320243,1,0.0,
video_digital_4,digital,61,2.0353687020353686,104.9900390625,48.645902397330005,205.8563435112094,3.5542001724243164,2.5309071180555556,0.17307699022686754,0,0,0.0,0.0,0.0,0.3274999908171594,33.00330002093688,36.64060001028702,1,0.0,
video_digital_4,digital,62,2.0687354020687354,104.53052083333333,48.948645201781055,205.40955529483747,3.6066958904266357,2.5146484375,0.1730721068942585,0,0,0.0,0.0,0.0,0.28500001644715667,33.75729999970645,37.1820000000298,1,0.0,
video_digital_4,digital,63,2.1021021021021022,104.7467578125,48.81883784247945,232.0053270751765,3.8424599170684814,2.200256076388889,0.1741708631181422,0,0,0.0,0.0,0.0,0.2823999966494739,33.82670000428334,36.62870003608987,1,0.0,
video_digital_4,digital,64,2.135468802135469,105.3194140625,48.43333254298301,194.87547510662316,3.4607648849487305,2.2934895833333333,0.17222877287375085,0,0,0.0,0.0,0.0,0.3185000387020409,33.95660000387579,36.80330002680421,1,0.0,
video_digital_4,digital,65,2.1688355021688355,105.37668402777778,48.44149447447916,212.16378716888426,3.6655142307281494,2.1731380208333335,0.17327741309857958,0,0,0.0,0.0,0.0,0.37810002686455846,35.60600004857406,39.13500002818182,1,0.0,
video_digital_4,digital,66,2.2022022022022023,104.66023871527777,48.733343849163404,190.5961978592296,3.439448595046997,2.678771701388889,0.17272739349374147,0,0,0.0,0.0,0.0,0.347200024407357,33.11399999074638,36.6494000190869,1,0.0,
video_digital_4,digital,67,2.235568902235569,104.91162760416667,48.56596019640527,208.64877430434996,3.626483678817749,2.117638888888889,0.17310465740266912,0,0,0.0,0.0,0.0,0.25969999842345715,37.88730001542717,40.527300036046654,1,0.0,
video_digital_4,digital,68,2.2689356022689355,105.26816840277777,48.322353500843995,175.41604885523293,3.3310129642486572,2.199605034722222,0.18073300081894994,0,0,0.0,0.0,0.0,0.3603000077418983,36.95709997555241,40.17699998803437,1,0.0,
video_digital_4,digital,69,2.3023023023023024,105.08231770833333,48.48379618895489,192.2628892638407,3.4603593349456787,1.9887760416666667,0.17178948635805982,0,0,0.0,0.0,0.0,0.5096000386402011,37.82490000594407,41.54140001628548,1,0.0,
video_digital_4,digital,70,2.335669002335669,104.9244140625,48.503272846996815,186.34565826792777,3.425417900085449,2.7793012152777776,0.17316889956020498,0,0,0.0,0.0,0.0,0.3674000035971403,37.90669998852536,41.310900007374585,1,0.0,
video_digital_4,digital,71,2.3690357023690356,105.1621875,48.40014004448701,216.1906743927944,3.714447259902954,2.1663498263888887,0.17396140979896732,0,0,0.0,0.0,0.0,0.388299988117069,36.42989997752011,40.06430000299588,1,0.0,
video_digital_4,digital,72,2.4024024024024024,104.93562065972222,48.45590976586906,203.06189717881944,3.604757070541382,2.925568576388889,0.17476088418890484,0,0,0.0,0.0,0.0,0.29669998912140727,32.72600000491366,36.065799999050796,1,0.0,
video_digital_4,digital,73,2.4357691024357693,104.71128038194445,48.71934582355561,221.36940489901318,3.6848671436309814,2.8506510416666666,0.17466573625326043,0,0,0.0,0.0,0.0,0.33329997677356005,33.03509997203946,36.61319997627288,1,0.0,
video_digital_4,digital,74,2.469135802469136,105.010546875,48.564584824541576,255.6543872852278,4.0039472579956055,2.2680859375,0.17579072350115182,0,0,0.0,0.0,0.0,0.2810999867506325,33.175300050061196,35.81640002084896,1,0.0,
video_digital_4,digital,75,2.5025025025025025,105.17240017361111,48.564963610678504,192.37470092349582,3.4609436988830566,2.6136241319444444,0.1726270859967878,0,0,0.0,0.0,0.0,0.29229995561763644,32.149999984540045,35.15529999276623,1,0.0,
video_digital_4,digital,76,2.5358692025358693,105.35686631944445,48.54164966637232,218.83598101126586,3.702707052230835,2.355855034722222,0.17360511690282954,0,0,0.0,0.0,0.0,0.3089999663643539,34.08569999737665,37.516599986702204,1,0.0,
video_digital_4,digital,77,2.569235902569236,104.98325954861112,48.7237912290952,185.5044735601731,3.437901258468628,2.5767578125,0.1721730705652766,0,0,0.0,0.0,0.0,0.32210000790655613,32.96529996441677,36.57749999547377,1,0.0,
video_digital_4,digital,78,2.6026026026026026,104.89252170138889,48.785837411304854,214.3280887719425,3.675976276397705,2.2913368055555554,0.1731545485656331,0,0,0.0,0.0,0.0,0.32810005359351635,36.561899993103,39.50820001773536,1,0.0,
video_digital_4,digital,79,2.6359693026359694,105.00799479166666,48.58168474161128,204.494049527976,3.6391477584838867,2.800368923611111,0.17431090298176566,0,0,0.0,0.0,0.0,0.31539995688945055,35.29869997873902,38.68209995562211,1,0.0,
video_digital_4,digital,80,2.6693360026693362,104.293671875,48.959192260798524,195.38332747124568,3.5474884510040283,2.9397569444444445,0.17372298046095963,0,0,0.0,0.0,0.0,0.28710003243759274,37.09919995162636,40.230799990240484,1,0.0,
video_digital_4,digital,81,2.7027027027027026,104.36659722222223,48.862584017766864,225.95089229779657,3.796748399734497,2.462152777777778,0.17467943466537136,0,0,0.0,0.0,0.0,0.3142000059597194,37.15139999985695,40.69639998488128,1,0.0,
video_digital_4,digital,82,2.7360694027360695,104.20773871527778,48.72009285628247,218.60560085532106,3.7294087409973145,3.1341796875,0.17608456402820485,0,0,0.0,0.0,0.0,0.33930002246052027,32.07800001837313,34.80850002961233,1,0.0,
video_digital_4,digital,83,2.7694361027694363,103.50136284722223,48.917208684003164,225.92480847075663,3.831761598587036,3.433901909722222,0.1775967379326076,0,0,0.0,0.0,0.0,0.2560000284574926,31.04400000302121,33.66070002084598,1,0.0,
video_digital_4,digital,84,2.8028028028028027,103.42527777777778,48.679768480322906,269.0187033995829,4.12064790725708,3.3272395833333333,0.18009056722344416,0,0,0.0,0.0,0.0,0.33820001408457756,34.08429998671636,36.72480001114309,1,0.0,
video_digital_4,digital,85,2.8361695028361695,103.36956597222222,48.56558031292393,206.67769933441537,3.5529816150665283,3.897760416666667,0.17776764704551498,0,0,0.0,0.0,0.0,0.3074000123888254,37.7975000301376,41.40650003682822,1,0.0,
video_digital_4,digital,86,2.8695362028695364,103.26432291666667,48.34203768309791,234.54527977066982,3.8787498474121094,3.892387152777778,0.18069186897891198,0,0,0.0,0.0,0.0,0.3109000390395522,32.64140000101179,35.62960005365312,1,0.0,
video_digital_4,digital,87,2.902902902902903,101.85195746527778,48.50249266115519,224.63272594875764,3.729569911956787,4.783216145833333,0.182570804056805,0,0,0.0,0.0,0.0,0.4461000207811594,39.01930002029985,43.16260002087802,1,0.0,
video_digital_4,digital,88,2.9362696029362696,101.72131510416666,48.051353322076174,264.97198052232534,4.0903191566467285,4.367213541666667,0.1856384605742427,0,0,0.0,0.0,0.0,0.3510999958962202,35.94070003600791,40.04940000595525,1,0.0,
video_digital_4,digital,89,2.9696363029696364,101.94675347222223,47.469647409939185,209.3091396863961,3.6232383251190186,4.848763020833333,0.1848242889198383,0,0,0.0,0.0,0.0,0.3310000174678862,34.22809997573495,38.566900009755045,1,0.0,
video_digital_4,digital,90,3.0030030030030033,101.28615885416667,47.272176061645794,227.00491208207873,3.748861789703369,4.457513020833333,0.1862695589248897,0,0,0.0,0.0,0.0,0.7238999824039638,40.0301999761723,44.241499970667064,1,0.0,
video_digital_4,digital,91,3.0363697030363697,100.96573784722223,47.091584524725135,207.49890606161986,3.6162796020507812,4.862738715277778,0.18703841756125195,0,0,0.0,0.0,0.0,0.457199988886714,39.04419997707009,43.568799970671535,1,0.0,
video_digital_4,digital,92,3.0697364030697365,100.87969184027777,46.688568529444645,242.70253211534285,3.929932117462158,4.640186631944444,0.18996485404304633,0,0,0.0,0.0,0.0,0.2815999905578792,39.15130003588274,43.25950000202283,1,0.0,
video_digital_4,digital,93,3.1031031031031033,101.09141059027777,46.185766948088585,205.01340357342005,3.5258612632751465,4.787803819444444,0.18873532563940743,0,0,0.0,0.0,0.0,0.28499995823949575,34.13899999577552,36.902899970300496,1,0.0,
video_digital_4,digital,94,3.1364698031364697,100.95934895833334,45.84576930067364,245.03717339221342,3.9283456802368164,4.385863715277778,0.19179170586608005,0,0,0.0,0.0,0.0,0.36559998989105225,37.66249999171123,40.76150001492351,1,0.0,
video_digital_4,digital,95,3.1698365031698366,101.2600998263889,45.72831367834413,221.59711739228803,3.7284038066864014,4.754796006944445,0.19113227103100203,0,0,0.0,0.0,0.0,0.291000003926456,34.1342999599874,37.572900007944554,1,0.0,
video_digital_4,digital,96,3.2032032032032034,101.22610243055556,45.348219705614405,253.01472557983396,3.967238187789917,4.257478298611111,0.19291800925073613,0,0,0.0,0.0,0.0,0.3321000258438289,30.969100014772266,34.2662000330165,1,0.0,
video_digital_4,digital,97,3.2365699032365702,101.89183159722222,44.9248296843303,198.9923947821535,3.546689033508301,4.342717013888889,0.19070064580412158,0,0,0.0,0.0,0.0,0.27900002896785736,30.699299997650087,33.36430003400892,1,0.0,
video_digital_4,digital,98,3.2699366032699366,102.07314236111111,44.80847888964035,227.72364114462766,3.741333484649658,3.8478385416666665,0.19118950240390611,0,0,0.0,0.0,0.0,0.27659995248541236,31.69019997585565,34.310299961362034,1,0.0,
video_digital_4,digital,99,3.3033033033033035,102.52284288194444,44.67965868354127,186.93489929860436,3.3296244144439697,3.879743923611111,0.18834359615578453,0,0,0.0,0.0,0.0,0.31999999191612005,32.77759999036789,36.66089999023825,1,0.0,
video_digital_4,digital,100,3.3366700033366703,102.78831163194444,44.614603730014444,225.13839332290462,3.7030439376831055,3.2871440972222223,0.18959549008888663,0,0,0.0,0.0,0.0,0.28550002025440335,34.02200003620237,37.042600044514984,1,0.0,
video_digital_4,digital,101,3.3700367033700367,103.39845920138889,44.61481347968776,218.8404932073899,3.6573433876037598,4.0696440972222225,0.19003958730030873,0,0,0.0,0.0,0.0,0.38870004937052727,34.76900001987815,38.6595000163652,1,0.0,
video_digital_4,digital,102,3.4034034034034035,103.69934461805556,44.40338080598177,261.99562369473307,4.0400824546813965,3.222170138888889,0.19125227791925975,0,0,0.0,0.0,0.0,0.3226000117138028,33.114399993792176,36.754900007508695,1,0.0,
video_digital_4,digital,103,3.4367701034367704,104.43530381944444,44.47252973701605,244.34157222747803,3.900041103363037,3.893103298611111,0.19051326585599104,0,0,0.0,0.0,0.0,0.3225999535061419,32.42589998990297,35.15549999428913,1,0.0,
video_digital_4,digital,104,3.4701368034701368,104.91765625,44.33552762105568,267.47789243554007,4.090328216552734,3.2528038194444444,0.19040524625646876,0,0,0.0,0.0,0.0,0.285400019492954,33.107399998698384,37.0519999996759,1,0.0,
video_digital_4,digital,105,3.5035035035035036,105.30922743055555,44.38885957186371,223.90272971279944,3.709282875061035,3.7425520833333334,0.18817017299521624,0,0,0.0,0.0,0.0,0.33030001213774085,33.609700039960444,37.32320002745837,1,0.0,
video_digital_4,digital,106,3.5368702035368704,105.51832465277778,44.49952571890066,242.86491691440537,3.8711791038513184,3.288810763888889,0.18783653048963284,0,0,0.0,0.0,0.0,0.3381000133231282,30.926300038117915,33.78470003372058,1,0.0,
video_digital_4,digital,107,3.570236903570237,106.14964409722222,44.58765460808319,212.15030357784693,3.635280132293701,4.141579861111111,0.18686828715213463,0,0,0.0,0.0,0.0,0.27540000155568123,33.65330002270639,36.74800001317635,1,0.0,
video_digital_4,digital,108,3.6036036036036037,106.59697916666667,44.569501607191604,241.65727194703655,3.847031354904175,3.636979166666667,0.18685942483200002,0,0,0.0,0.0,0.0,0.35500002559274435,32.05440001329407,35.61240003909916,1,0.0,
video_digital_4,digital,109,3.6369703036369705,106.86913194444445,45.02138332931773,247.5116691043807,3.927459716796875,4.6084982638888885,0.18760594184536822,0,0,0.0,0.0,0.0,0.2686000079847872,29.183499980717897,31.774999981280416,1,0.0,
video_digital_4,digital,110,3.6703370036703373,107.42449652777778,45.14567780610791,303.2959513285319,4.369459629058838,4.355486111111111,0.1890697129660737,0,0,0.0,0.0,0.0,0.3197999903932214,33.550099993590266,36.4934999961406,1,0.0,
video_digital_4,digital,111,3.7037037037037037,107.81721788194444,45.14031324392664,227.82028130785156,3.7711801528930664,4.701089409722222,0.18528249150783324,0,0,0.0,0.0,0.0,0.3331999760121107,35.70800001034513,38.860199972987175,1,0.0,
video_digital_4,digital,112,3.7370704037370706,107.62151041666667,45.57433565383138,256.8100503836738,4.014410018920898,4.380203993055556,0.18529254384026694,0,0,0.0,0.0,0.0,0.33930002246052027,37.51289995852858,41.29480000119656,1,0.0,
video_digital_4,digital,113,3.7704371037704374,107.74135416666667,45.655168620621076,230.3251024670071,3.7829430103302,4.822317708333333,0.18420644968506444,0,0,0.0,0.0,0.0,0.34190004225820303,35.719099978450686,38.95190003095195,1,0.0,
video_digital_4,digital,114,3.803803803803804,107.99330729166667,45.842659073962366,274.12926375851106,4.159115791320801,4.604314236111111,0.1854734092638621,0,0,0.0,0.0,0.0,0.3241999656893313,34.270300006028265,37.95550001086667,1,0.0,
video_digital_4,digital,115,3.8371705038371706,107.66973958333334,46.2419623188598,264.6700408365697,4.087322235107422,5.293828125,0.18552742557560378,0,0,0.0,0.0,0.0,0.31619996298104525,36.52329999022186,40.25109997019172,1,0.0,
video_digital_4,digital,116,3.8705372038705375,108.2372873263889,46.253004231659396,315.21189503970675,4.462032794952393,5.0985720486111115,0.1869601392819323,0,0,0.0,0.0,0.0,0.3609000123105943,31.906699994578958,35.58550000889227,1,0.0,
video_digital_4,digital,117,3.903903903903904,107.13855034722222,46.71304462541791,299.73403490600583,4.423439979553223,5.971193576388889,0.18831724982569298,0,0,0.0,0.0,0.0,0.2861999673768878,34.62029999354854,37.42639999836683,1,0.0,
video_digital_4,digital,118,3.9372706039372707,107.52481336805556,46.76899765059339,392.77837209199504,4.978234767913818,5.833129340277778,0.1911427184358396,0,0,0.0,0.0,0.0,0.501600035931915,37.8091000020504,42.282700014766306,1,0.0,
video_digital_4,digital,119,3.9706373039706375,107.63361111111111,46.60631276329884,279.38311047044914,4.244251251220703,5.909717881944444,0.1867299151257713,0,0,0.0,0.0,0.0,0.41550002060830593,36.007899965625256,39.291299995966256,1,0.0,
video_digital_4,digital,120,4.004004004004004,106.7164626736111,47.036097542588855,295.9928557892788,4.366775989532471,5.521974826388889,0.18667077013485728,0,0,0.0,0.0,0.0,0.4563999827951193,37.37149998778477,40.910899988375604,1,0.0,
video_digital_4,digital,121,4.037370704037371,106.8286328125,46.58718617179089,256.3884290186564,4.0699639320373535,5.961623263888889,0.18666700295248687,0,0,0.0,0.0,0.0,0.3149000112898648,38.824499992188066,42.20769996754825,1,0.0,
video_digital_4,digital,122,4.070737404070737,105.38546006944445,47.14989014855682,276.76814236043293,4.264444351196289,5.986323784722222,0.18809997719482066,0,0,0.0,0.0,0.0,0.33270003041252494,37.70669997902587,41.219100006856024,1,0.0,
video_digital_4,digital,123,4.104104104104104,105.61073784722223,47.05177678828663,349.8600608179728,4.755043029785156,6.049184027777778,0.19150378921455666,0,0,0.0,0.0,0.0,0.40849996730685234,37.2071000165306,40.798100002575666,1,0.0,
video_digital_4,digital,124,4.137470804137471,106.15339409722222,46.7927936912458,272.81513440602623,4.192086219787598,6.067838541666666,0.1878872536162985,0,0,0.0,0.0,0.0,0.3497999859973788,35.24500003550202,38.645500026177615,1,0.0,
video_digital_4,digital,125,4.170837504170838,105.46449652777778,47.13919959873116,285.15698793762584,4.294780731201172,6.351579861111111,0.18892463523086156,0,0,0.0,0.0,0.0,0.29669998912140727,29.614600003696978,32.89199998835102,1,0.0,
video_digital_4,digital,126,4.2042042042042045,105.84513454861111,47.05511069912857,355.93084198065867,4.823829650878906,6.2869661458333335,0.19212292187515737,0,0,0.0,0.0,0.0,0.31019997550174594,32.0886000408791,34.86020001582801,1,0.0,
video_digital_4,digital,127,4.237570904237571,105.78524739583334,46.970501014151345,288.0883333163791,4.270059585571289,6.681762152777778,0.18948356138372807,0,0,0.0,0.0,0.0,0.2587999915704131,29.74319999339059,32.33309998176992,1,0.0,
video_digital_4,digital,128,4.270937604270938,105.27192274305555,47.28854967555721,298.74405948282873,4.336001396179199,6.694279513888889,0.18964184440158036,0,0,0.0,0.0,0.0,0.2783999661915004,33.02919998532161,35.96189996460453,1,0.0,
video_digital_4,digital,129,4.3043043043043046,105.76639322916667,47.22146237258846,359.0961777650998,4.824339866638184,6.624583333333334,0.1923767018909206,0,0,0.0,0.0,0.0,0.30500005232170224,30.896899988874793,33.55960000772029,1,0.0,
video_digital_4,digital,130,4.337671004337671,105.74896267361112,47.304397481200105,294.73609376203746,4.355146408081055,7.182005208333333,0.1900774605989363,0,0,0.0,0.0,0.0,0.3698000218719244,32.10780001245439,35.2281000232324,1,0.0,
video_digital_4,digital,131,4.371037704371038,106.18875,47.32600715567088,351.42921765797934,4.728426456451416,6.951236979166667,0.1915541650434167,0,0,0.0,0.0,0.0,0.361100013833493,35.28399998322129,38.30999997444451,1,0.0,
video_digital_4,digital,132,4.404404404404405,105.81012586805555,47.460467402283186,290.2224978190104,4.288465976715088,7.323823784722222,0.18938096346097524,0,0,0.0,0.0,0.0,0.33080001594498754,33.65430003032088,37.268900021445006,1,0.0,
video_digital_4,digital,133,4.437771104437771,106.07318142361112,47.63847574221638,357.1842629393778,4.811136722564697,7.284184027777778,0.19197303817456685,0,0,0.0,0.0,0.0,0.31239999225363135,34.48120004031807,38.268500007689,1,0.0,
video_digital_4,digital,134,4.471137804471138,106.60806857638889,47.43539380116588,276.94505347576376,4.190880298614502,7.416276041666666,0.18803662298829307,0,0,0.0,0.0,0.0,0.2756000030785799,33.43690000474453,36.098599957767874,1,0.0,
video_digital_4,digital,135,4.504504504504505,106.62663628472222,47.6898360763329,326.4136629496257,4.624136924743652,7.204088541666667,0.18977832664152697,0,0,0.0,0.0,0.0,0.31560001662001014,31.4055000199005,34.90359999705106,1,0.0,
video_digital_4,digital,136,4.537871204537871,106.04494791666667,47.95208466927409,307.1970884982639,4.4439826011657715,7.7609244791666665,0.18955642276290519,0,0,0.0,0.0,0.0,0.3011000226251781,32.52740000607446,35.319200018420815,1,0.0,
video_digital_4,digital,137,4.571237904571238,105.95798611111111,48.449818205424634,340.97958213704425,4.656671524047852,7.638706597222222,0.18942540257576954,0,0,0.0,0.0,0.0,0.32190000638365746,28.805000009015203,32.15480002108961,1,0.0,
video_digital_4,digital,138,4.604604604604605,106.4634375,48.56403257973761,445.2398965761349,5.341388702392578,7.8578125,0.1934800318558809,0,0,0.0,0.0,0.0,0.2874999772757292,30.789799988269806,33.742600004188716,1,0.0,
video_digital_4,digital,139,4.637971304637971,105.8266015625,49.50868976926548,1058.334323025004,7.995233058929443,9.862955729166666,0.21298216932930594,0,0,0.0,0.0,0.0,0.3130999975837767,31.429499969817698,34.379899967461824,1,0.0,
video_digital_4,digital,140,4.671338004671338,106.92186631944445,49.19882270486387,667.6713812764485,6.470201015472412,10.317434895833333,0.20326422517393547,0,0,0.0,0.0,0.0,0.31730002956464887,31.5594999701716,34.27659999579191,1,0.0,
video_digital_4,digital,141,4.704704704704705,107.08322916666667,49.56122003380414,761.1691756180186,6.901153087615967,9.735373263888889,0.2038206138447098,0,0,0.0,0.0,0.0,0.3254999755881727,37.19870001077652,40.83800001535565,1,0.0,
video_digital_4,digital,142,4.738071404738071,106.98055555555555,49.7788080018018,490.05495964850905,5.554941654205322,9.408975694444445,0.19373298808769257,0,0,0.0,0.0,0.0,0.3554999711923301,37.4940000474453,41.00369999650866,1,0.0,
video_digital_4,digital,143,4.7714381047714385,107.43236545138889,50.02034360663836,650.1916128530809,6.399012565612793,8.662938368055556,0.19673966472807053,0,0,0.0,0.0,0.0,0.3206999972462654,33.2543000113219,36.381600017193705,1,0.0,
video_digital_4,digital,144,4.804804804804805,108.50952690972223,49.867278672037614,447.4788040707435,5.309884071350098,8.562604166666667,0.18846076108211213,0,0,0.0,0.0,0.0,0.33980002626776695,35.01130000222474,38.0948000238277,1,0.0,
video_digital_4,digital,145,4.838171504838171,107.53083333333333,50.77188725482506,446.7795141434093,5.354233741760254,7.9606293402777775,0.18619453100872907,0,0,0.0,0.0,0.0,0.2954999799840152,31.784399994648993,35.03739996813238,1,0.0,
video_digital_4,digital,146,4.8715382048715385,107.29405815972223,50.88188930394565,338.6524051237694,4.674471378326416,7.594266493055556,0.1809401190394903,0,0,0.0,0.0,0.0,0.3913000109605491,35.53910000482574,39.36300001805648,1,0.0,
video_digital_4,digital,147,4.904904904904905,107.4890625,51.118186623108826,410.4955647447186,5.143881320953369,6.985099826388889,0.18202277908847922,0,0,0.0,0.0,0.0,0.26050000451505184,34.95799994561821,37.57929999846965,1,0.0,
video_digital_4,digital,148,4.938271604938272,107.92852864583334,51.21185547290274,324.7257121479553,4.572504043579102,6.912912326388889,0.17729360139659392,0,0,0.0,0.0,0.0,0.41370000690221786,36.374199960846454,40.024999994784594,1,0.0,
video_digital_4,digital,149,4.971638304971639,108.13777777777777,51.526050853810894,386.05804962518005,5.034797191619873,6.741410590277778,0.178910113424002,0,0,0.0,0.0,0.0,0.26210001669824123,35.85620003286749,38.713700021617115,1,0.0,
video_digital_4,digital,150,5.005005005005005,107.27528211805556,52.131807493774645,341.06351792052465,4.638620853424072,7.429231770833334,0.17684257006867615,0,0,0.0,0.0,0.0,0.3325999714434147,36.18970001116395,39.82589999213815,1,0.0,
video_digital_4,digital,151,5.038371705038372,107.86128472222222,52.267865460604206,420.0662130774981,5.144933223724365,7.155394965277778,0.1786263899837456,0,0,0.0,0.0,0.0,0.3551999689079821,35.030400031246245,38.65649999352172,1,0.0,
video_digital_4,digital,152,5.071738405071739,108.43814670138889,52.37356329774387,315.626975836841,4.442776679992676,7.159327256944445,0.1729720644333828,0,0,0.0,0.0,0.0,0.30529999639838934,51.416700007393956,54.61230000946671,1,0.0,
video_digital_4,digital,153,5.105105105105105,107.95006944444444,53.10993886174184,364.53731848890516,4.807003498077393,6.714917534722222,0.173037253346178,0,0,0.0,0.0,0.0,0.41060004150494933,44.00159994838759,49.09129999577999,1,0.0,
video_digital_4,digital,154,5.138471805138472,108.05139756944445,53.12246576267448,307.2708593243446,4.468931674957275,7.227065972222222,0.17158871880801102,0,0,0.0,0.0,0.0,0.3628000267781317,37.72150003351271,41.1914000287652,1,0.0,
video_digital_4,digital,155,5.171838505171839,108.47372395833334,53.53510372085747,354.3952363136386,4.7992706298828125,6.600755208333333,0.170940825655251,0,0,0.0,0.0,0.0,0.2584999892860651,34.20739999273792,37.03599999425933,1,0.0,
video_digital_4,digital,156,5.205205205205205,108.068203125,54.054466336951556,318.4029278562757,4.4951066970825195,7.022552083333333,0.16869712538836712,0,0,0.0,0.0,0.0,0.3992000129073858,32.77879999950528,35.883800010196865,1,0.0,
video_digital_4,digital,157,5.238571905238572,108.6578515625,54.15685011594968,398.6708059954419,5.050722122192383,7.080690104166667,0.17152400788452593,0,0,0.0,0.0,0.0,0.30310003785416484,31.243000004906207,33.966400020290166,1,0.0,
video_digital_4,digital,158,5.271938605271939,108.80759548611111,54.35280648243404,327.4929312209894,4.542159557342529,7.240256076388889,0.16769673232873572,0,0,0.0,0.0,0.0,0.3428999916650355,33.6754999589175,36.965399980545044,1,0.0,
video_digital_4,digital,159,5.305305305305305,108.70276475694445,54.89954246794277,392.3464461371528,5.025373935699463,7.189778645833333,0.16938474378935886,0,0,0.0,0.0,0.0,0.27249997947365046,31.137699959799647,33.71669998159632,1,0.0,
video_digital_4,digital,160,5.3386720053386725,108.51245659722223,54.849792055970326,313.53851978254903,4.532043933868408,7.4019140625,0.16685966700355653,0,0,0.0,0.0,0.0,0.30969997169449925,32.59509999770671,35.410799959208816,1,0.0,
video_digital_4,digital,161,5.372038705372039,108.99686197916667,55.17048996740108,386.8282464687017,4.978659152984619,7.021228298611111,0.16763714755878742,0,0,0.0,0.0,0.0,0.29280001763254404,32.39700000267476,36.00630001164973,1,0.0,
video_digital_4,digital,162,5.405405405405405,108.40190972222223,55.66752218185079,310.5821034274443,4.513854026794434,7.433146701388889,0.1645906455131423,0,0,0.0,0.0,0.0,0.361400016117841,33.85060001164675,36.80699999677017,1,0.0,
video_digital_4,digital,163,5.4387721054387725,109.09861979166666,55.60914166739057,377.30967826242335,4.9454851150512695,7.100989583333333,0.16619253406982468,0,0,0.0,0.0,0.0,0.33760000951588154,32.581200008280575,35.36300000268966,1,0.0,
video_digital_4,digital,164,5.472138805472139,109.64920572916667,55.49932434971964,299.1806060383926,4.382630825042725,7.154995659722222,0.16220744913267288,0,0,0.0,0.0,0.0,0.3698000218719244,35.26939998846501,38.73480000765994,1,0.0,
video_digital_4,digital,165,5.505505505505505,108.9378125,56.320227417823865,356.7385530537924,4.7642011642456055,7.107061631944444,0.16315287096528572,0,0,0.0,0.0,0.0,0.26130001060664654,32.07419998943806,34.91290000965819,1,0.0,
video_digital_4,digital,166,5.538872205538873,109.38136284722222,56.157798863048825,293.45724798838296,4.299230098724365,7.287586805555556,0.16033380620949467,0,0,0.0,0.0,0.0,0.2886000438593328,31.71239997027442,34.738500020466745,1,0.0,
video_digital_4,digital,167,5.572238905572239,109.71976996527778,56.271862493203734,357.4073002748089,4.736018657684326,7.072730034722222,0.16211885138318324,0,0,0.0,0.0,0.0,0.2646999782882631,34.42979999817908,37.482600018847734,1,0.0,
video_digital_4,digital,168,5.605605605605605,108.58842013888889,56.94363497199211,320.73647121806204,4.585870742797852,7.459952256944445,0.16125555680696296,0,0,0.0,0.0,0.0,0.41170004988089204,29.801199969369918,33.45460002310574,1,0.0,
video_digital_4,digital,169,5.638972305638973,109.36439670138888,56.74556484084476,382.19552196043037,4.966861724853516,7.358650173611111,0.16325855633856395,0,0,0.0,0.0,0.0,0.3703000256791711,33.08269998524338,35.87560000596568,1,0.0,
video_digital_4,digital,170,5.672339005672339,109.74192274305555,56.49168762093581,308.05028048434787,4.490461826324463,7.413958333333333,0.1604674750156565,0,0,0.0,0.0,0.0,0.35390001721680164,33.114599995315075,36.25609999289736,1,0.0,
video_digital_4,digital,171,5.705705705705706,109.60481770833333,57.49869890784697,350.10809406721324,4.846327781677246,7.054118923611111,0.15944934076016842,0,0,0.0,0.0,0.0,0.262899964582175,32.4483000440523,34.93630001321435,1,0.0,
video_digital_4,digital,172,5.739072405739073,110.31830295138889,57.1422724015269,424.71254332561716,5.259744167327881,7.779657118055556,0.16374480115545662,0,0,0.0,0.0,0.0,0.35319995367899537,38.02869998617098,41.72899998957291,1,0.0,
video_digital_4,digital,173,5.772439105772439,111.00159288194445,57.06466149974766,315.81253905796007,4.588399887084961,7.3088194444444445,0.15780422690960205,0,0,0.0,0.0,0.0,0.48049999168142676,34.91659997962415,38.93599996808916,1,0.0,
video_digital_4,digital,174,5.805805805805806,110.80308159722222,57.668731817100394,345.22445977640035,4.808955192565918,7.138615451388889,0.15746309062130137,0,0,0.0,0.0,0.0,0.3218000056222081,32.00829995330423,34.787399985361844,1,0.0,
video_digital_4,digital,175,5.839172505839173,111.33572048611111,57.12798679358952,269.1616863712264,4.189738750457764,7.109140625,0.15419806750229936,0,0,0.0,0.0,0.0,0.3007999621331692,33.24429999338463,36.296999955084175,1,0.0,
video_digital_4,digital,176,5.872539205872539,110.93045572916667,57.19146330726587,299.2722681850857,4.4677348136901855,6.9281206597222225,0.15600738275496645,0,0,0.0,0.0,0.0,0.33869995968416333,34.8686000215821,38.51679997751489,1,0.0,
video_digital_4,digital,177,5.9059059059059065,110.31957465277777,57.040316810419,255.05277291378445,4.075394153594971,6.745091145833333,0.15419912876891922,0,0,0.0,0.0,0.0,0.361100013833493,37.1708000311628,40.85580003447831,1,0.0,
video_digital_4,digital,178,5.939272605939273,109.63448784722222,57.44962696757389,259.8807804375354,4.1342668533325195,6.265,0.1533279694206518,0,0,0.0,0.0,0.0,0.31890004174783826,36.502999952062964,40.315099991858006,1,0.0,
video_digital_4,digital,179,5.972639305972639,109.75411024305555,57.616700738813925,320.0848054467472,4.654659271240234,6.3253515625,0.15629232552388422,0,0,0.0,0.0,0.0,0.3597000031732023,36.02030000183731,39.79850001633167,1,0.0,
video_digital_4,digital,180,6.0060060060060065,109.88202690972223,57.02164155640796,262.0361304929945,4.097601890563965,6.51171875,0.1544777270257816,0,0,0.0,0.0,0.0,0.3233000170439482,35.33129999414086,38.17050001816824,1,0.0,
video_digital_4,digital,181,6.039372706039373,109.58842447916666,57.260381932865194,252.34640100623236,4.13046407699585,5.921901041666667,0.15325419932841247,0,0,0.0,0.0,0.0,0.3453000099398196,33.01509999437258,36.72329999972135,1,0.0,
video_digital_4,digital,182,6.072739406072739,109.67506510416666,57.27258177385263,304.6737456479484,4.5223541259765625,5.769210069444444,0.15544371724643957,0,0,0.0,0.0,0.0,0.27520000003278255,32.50950004439801,35.1605000323616,1,0.0,
video_digital_4,digital,183,6.106106106106107,109.8274609375,57.00380180633638,253.3297550996569,4.117554664611816,5.843289930555556,0.1534726074589038,0,0,0.0,0.0,0.0,0.2958999830298126,34.90620001684874,37.743200024124235,1,0.0,
video_digital_4,digital,184,6.139472806139473,109.73457465277778,56.76717320687143,287.2161431815253,4.382208347320557,5.537634548611111,0.155449221197266,0,0,0.0,0.0,0.0,0.3619999624788761,32.662799989338964,35.584400000516325,1,0.0,
video_digital_4,digital,185,6.172839506172839,109.04514756944444,56.49727870993017,265.25845150636275,4.236611366271973,5.574210069444445,0.156129371578897,0,0,0.0,0.0,0.0,0.3806999884545803,37.38860000157729,40.14009999809787,1,0.0,
video_digital_4,digital,186,6.206206206206207,108.66814670138889,57.18001270918819,277.20704788743006,4.3197855949401855,4.7444921875,0.15362100727173716,0,0,0.0,0.0,0.0,0.34500000765547156,37.24189999047667,41.14420001860708,1,0.0,
video_digital_4,digital,187,6.239572906239573,108.6111328125,56.613314361903,343.2330207823953,4.747207164764404,5.0950347222222225,0.15881396495500202,0,0,0.0,0.0,0.0,0.3223000094294548,38.01809996366501,41.89529997529462,1,0.0,
video_digital_4,digital,188,6.2729396062729395,108.87438802083334,56.1609177967786,263.413286349525,4.143698692321777,4.471623263888889,0.15460452825918006,0,0,0.0,0.0,0.0,0.3512999974191189,40.451499982737005,45.519999985117465,1,0.0,
video_digital_4,digital,189,6.306306306306307,108.17787326388888,56.17296640293061,296.6739803330975,4.490748405456543,4.230421006944445,0.15725094331845224,0,0,0.0,0.0,0.0,0.318799982778728,44.32809998979792,47.44419996859506,1,0.0,
video_digital_4,digital,190,6.339673006339673,107.11718315972222,56.51273129560296,268.1002504358174,4.2964911460876465,4.2979904513888885,0.15635970150557055,0,0,0.0,0.0,0.0,0.35909999860450625,40.6813999870792,44.30860001593828,1,0.0,
video_digital_4,digital,191,6.3730397063730395,107.08262152777777,56.21408541795901,318.7866107426208,4.706867218017578,3.7149696180555556,0.15889631260219303,0,0,0.0,0.0,0.0,0.3470000228844583,41.8169999611564,45.54419999476522,1,0.0,
video_digital_4,digital,192,6.406406406406407,106.57529513888889,56.19493654362517,266.31419465234075,4.209035873413086,3.950486111111111,0.15667059604066427,0,0,0.0,0.0,0.0,0.3828000044450164,39.190699986647815,42.25509997922927,1,0.0,
video_digital_4,digital,193,6.439773106439773,106.31134982638889,55.961246678947354,312.01858066359154,4.5460686683654785,3.6907248263888888,0.15940863815620246,0,0,0.0,0.0,0.0,0.34879997838288546,37.35020000021905,41.12690000329167,1,0.0,
video_digital_4,digital,194,6.4731398064731405,105.65690104166667,55.80637416718743,285.87588398166235,4.386005401611328,4.248910590277778,0.16060058065594107,0,0,0.0,0.0,0.0,0.31150004360824823,37.21529996255413,40.233700012322515,1,0.0,
video_digital_4,digital,195,6.506506506506507,104.79947482638889,56.237515687760755,296.5114163316327,4.431403160095215,4.061532118055555,0.16032880155168278,0,0,0.0,0.0,0.0,0.2951999776996672,36.365300009492785,39.08910002792254,1,0.0,
video_digital_4,digital,196,6.539873206539873,104.54139756944444,55.826733796453944,348.5433028766208,4.819947242736816,4.170099826388889,0.1645999427379636,0,0,0.0,0.0,0.0,0.2696000155992806,32.95570000773296,36.52790002524853,1,0.0,
video_digital_4,digital,197,6.5732399065732405,104.37992621527778,55.67279579526451,276.15401040189766,4.277921199798584,4.012686631944445,0.16132107520501957,0,0,0.0,0.0,0.0,0.3640999784693122,34.98910000780597,38.09470002306625,1,0.0,
video_digital_4,digital,198,6.606606606606607,104.15763888888888,55.46935655206534,312.12928752863377,4.614078998565674,4.1630251736111115,0.1646867814446282,0,0,0.0,0.0,0.0,0.5207000067457557,36.21150000253692,41.20070004137233,1,0.0,
video_digital_4,digital,199,6.639973306639973,103.30367621527778,55.536652205742044,274.30422256914306,4.262231826782227,4.6578168402777775,0.16408125668047363,0,0,0.0,0.0,0.0,0.3412999794818461,38.00339996814728,41.928799997549504,1,0.0,
video_digital_4,digital,200,6.673340006673341,102.65439670138889,55.81383061303235,276.030300093964,4.309820652008057,4.404383680555555,0.16389524828592356,0,0,0.0,0.0,0.0,0.35309995291754603,37.239299970678985,40.9539999673143,1,0.0,
video_digital_4,digital,201,6.706706706706707,102.46868923611112,55.51388371624764,342.80596202226803,4.770279884338379,4.662243923611111,0.16852393496177387,0,0,0.0,0.0,0.0,0.32430002465844154,34.87450000829995,38.503099989611655,1,0.0,
video_digital_4,digital,202,6.740073406740073,102.67792100694444,55.20825017620162,253.7754320257493,4.123581886291504,4.2976258680555555,0.164156039781964,0,0,0.0,0.0,0.0,0.2978999982587993,31.799099990166724,34.54089997103438,1,0.0,
video_digital_4,digital,203,6.773440106773441,102.50103732638888,55.25234125538692,289.3415866126543,4.357391357421875,4.389105902777778,0.1659684185903584,0,0,0.0,0.0,0.0,0.3616999601945281,31.55230003176257,34.35209998860955,1,0.0,
video_digital_4,digital,204,6.806806806806807,102.34090711805555,55.35771545088386,251.16602857573716,4.038610458374023,4.813888888888889,0.16452700004606532,0,0,0.0,0.0,0.0,0.3170999698340893,33.02899998379871,35.81929998472333,1,0.0,
video_digital_4,digital,205,6.8401735068401734,102.05049479166667,55.48704626042524,303.64331140813005,4.577402114868164,4.763233506944444,0.1679961105433149,0,0,0.0,0.0,0.0,0.3034999826923013,33.53640000568703,36.879099963698536,1,0.0,
video_digital_4,digital,206,6.873540206873541,102.2945529513889,55.466013162683645,252.01123205536265,4.078373908996582,5.0525390625,0.164984671072415,0,0,0.0,0.0,0.0,0.3027999773621559,34.42340000765398,37.80130000086501,1,0.0,
video_digital_4,digital,207,6.906906906906907,102.29694444444445,55.410800842783175,317.3114915513592,4.8063130378723145,5.060481770833333,0.1700074271405663,0,0,0.0,0.0,0.0,0.37570000858977437,35.24910000851378,38.22230000514537,1,0.0,
video_digital_4,digital,208,6.9402736069402735,102.06628038194444,55.563412879651125,293.63553761453517,4.349907875061035,5.4887890625,0.1676031373212756,0,0,0.0,0.0,0.0,0.2886999864131212,36.10639995895326,38.79619995132089,1,0.0,
video_digital_4,digital,209,6.973640306973641,101.9379296875,55.504742873719316,340.9120484905479,4.962409019470215,5.400625,0.17183980007218602,0,0,0.0,0.0,0.0,0.4143000114709139,36.32780001498759,40.02409998793155,1,0.0,
video_digital_4,digital,210,7.007007007007007,101.43900173611111,55.60597851778292,303.1572694396219,4.661672592163086,5.862417534722222,0.17099848092254227,0,0,0.0,0.0,0.0,0.3703999682329595,34.159000031650066,37.40939998533577,1,0.0,
video_digital_4,digital,211,7.040373707040374,100.92212239583333,55.634411564992185,330.8629312893149,4.603569507598877,5.705646701388889,0.1708440377767101,0,0,0.0,0.0,0.0,0.3005000180564821,39.67750002630055,42.94590000063181,1,0.0,
video_digital_4,digital,212,7.073740407073741,100.65979600694445,55.73014371380326,268.7975725501543,4.236387729644775,6.050564236111111,0.16907797849049147,1,1,0.41503259539604187,0.41503259539604187,0.41503259539604187,0.35479996586218476,41.09690000768751,44.834000000264496,1,0.3448597231588171,person
video_digital_4,digital,213,7.107107107107107,100.40305121527778,55.64810461384733,286.7867033328963,4.3122100830078125,5.938637152777778,0.16991004768951898,0,0,0.0,0.0,0.0,0.38219999987632036,39.33009994216263,42.81499999342486,1,0.0,
video_digital_4,digital,214,7.140473807140474,100.16346788194444,55.60960766705262,252.13924302775064,3.963703155517578,6.040572916666667,0.16816965175186346,0,0,0.0,0.0,0.0,0.3999999607913196,35.36779998103157,38.291399949230254,1,0.0,
video_digital_4,digital,215,7.173840507173841,99.89365885416667,55.5352867966083,287.02292009548614,4.22382926940918,5.86859375,0.17011113263672167,0,0,0.0,0.0,0.0,0.3179999766871333,37.13319997768849,40.9543999703601,1,0.0,
video_digital_4,digital,216,7.207207207207207,99.90452256944444,55.463345773024116,242.80676827842805,3.929738759994507,6.237886284722222,0.16903571768339387,0,0,0.0,0.0,0.0,0.31889998354017735,36.3818000187166,40.420199977234006,1,0.0,
video_digital_4,digital,217,7.240573907240575,99.61878038194445,55.397154198606614,281.98298675604923,4.155834197998047,5.961957465277778,0.17055094013042085,0,0,0.0,0.0,0.0,0.3212000010535121,34.53589999116957,37.362500035669655,1,0.0,
video_digital_4,digital,218,7.273940607273941,99.43518229166666,55.34038280318971,240.5320028794842,3.857926607131958,6.148285590277778,0.16929245649919536,0,0,0.0,0.0,0.0,0.3443000023253262,35.50100000575185,38.62870001466945,1,0.0,
video_digital_4,digital,219,7.307307307307307,99.2730859375,55.189340943322016,280.20501035148715,4.132278919219971,5.9340234375,0.17134198014084492,0,0,0.0,0.0,0.0,0.39499998092651367,30.640300014056265,35.27270001359284,1,0.0,
video_digital_4,digital,220,7.340674007340675,98.99385416666667,55.16677890918451,244.6919120234548,3.91226863861084,6.167521701388889,0.17070602510194058,0,0,0.0,0.0,0.0,0.27359998784959316,31.193299975711852,33.781400008592755,1,0.0,
video_digital_4,digital,221,7.374040707374041,98.66934027777778,55.077597683438,268.2982889853395,4.067189693450928,6.061432291666667,0.17217649903886317,0,0,0.0,0.0,0.0,0.33840001560747623,31.02339996257797,34.63279997231439,1,0.0,
video_digital_4,digital,222,7.407407407407407,98.65471788194445,54.99859273656015,240.35973294856694,3.8695898056030273,6.358233506944444,0.1716585999701348,0,0,0.0,0.0,0.0,0.3139000036753714,33.523399964906275,36.273400008212775,1,0.0,
video_digital_4,digital,223,7.440774107440775,98.38924913194444,54.94578222434571,272.3100894841512,4.131789684295654,6.337118055555556,0.17383021104429094,0,0,0.0,0.0,0.0,0.30020001577213407,36.79689997807145,40.59190000407398,1,0.0,
video_digital_4,digital,224,7.474140807474141,98.1393576388889,55.02279371053756,235.38180119717444,3.8205175399780273,6.616141493055555,0.1723521895349583,0,0,0.0,0.0,0.0,0.4868999822065234,30.96250002272427,35.5940000154078,1,0.0,
video_digital_4,digital,225,7.5075075075075075,97.9387890625,54.89171947513038,270.2978163149045,4.082706928253174,6.4205078125,0.17434376648557914,0,0,0.0,0.0,0.0,0.33110001822933555,31.888100027572364,35.089800017885864,1,0.0,
video_digital_4,digital,226,7.540874207540875,97.92785590277778,54.826952073788114,230.7396768877194,3.763855457305908,6.613033854166667,0.17277698859969282,0,0,0.0,0.0,0.0,0.3157000173814595,34.24000000813976,37.52930002519861,1,0.0,
video_digital_4,digital,227,7.574240907574241,97.73271701388889,54.764254873856075,265.65766832092663,4.041407108306885,6.410303819444445,0.17465592414494255,0,0,0.0,0.0,0.0,0.3155000158585608,31.837399990763515,35.477800003718585,1,0.0,
video_digital_4,digital,228,7.607607607607608,97.94990017361111,54.581612277960076,228.21286432984905,3.7866153717041016,6.657756076388889,0.17368761193796256,0,0,0.0,0.0,0.0,0.30429998878389597,31.32099995855242,34.05209997436032,1,0.0,
video_digital_4,digital,229,7.640974307640975,97.61392795138889,54.5694046917135,263.1998784722222,4.102179527282715,6.522204861111111,0.17596735470226332,0,0,0.0,0.0,0.0,0.2875999780371785,34.93630001321435,37.6105000032112,1,0.0,
video_digital_4,digital,230,7.674341007674341,97.69494791666666,54.619778613574574,243.3768635823568,3.9227964878082275,6.902434895833333,0.1752451559902968,0,0,0.0,0.0,0.0,0.30179996974766254,34.43520003929734,37.482200015801936,1,0.0,
video_digital_4,digital,231,7.707707707707708,97.61612413194445,54.521483529225854,278.5213679138184,4.193251132965088,6.694040798611111,0.1770310249882358,0,0,0.0,0.0,0.0,0.40089996764436364,33.3229000098072,37.06509998301044,1,0.0,
video_digital_4,digital,232,7.741074407741075,97.55134548611112,54.573137111555276,246.91436968901832,3.937295436859131,6.982834201388889,0.17579476981884137,0,0,0.0,0.0,0.0,0.32270001247525215,34.08379998290911,37.344800017308444,1,0.0,
video_digital_4,digital,233,7.774441107774441,97.41493923611111,54.506227464160276,286.98466576377956,4.256204605102539,6.7659722222222225,0.17786586309183164,0,0,0.0,0.0,0.0,0.2762000076472759,36.938700010068715,39.6333999815397,1,0.0,
video_digital_4,digital,234,7.807807807807808,97.68286892361111,54.436439633745735,247.00846660606476,4.006837844848633,6.940759548611111,0.17641532666457702,0,0,0.0,0.0,0.0,0.3407999756745994,39.10409996751696,42.30719996849075,1,0.0,
video_digital_4,digital,235,7.841174507841175,97.43811631944445,54.42144383312798,273.39157919530044,4.1733856201171875,6.685030381944444,0.17737694236368562,0,0,0.0,0.0,0.0,0.31179998768493533,36.9156000087969,40.73870001593605,1,0.0,
video_digital_4,digital,236,7.874541207874541,97.50524305555555,54.42695098334741,245.14637601152586,3.9388601779937744,6.8624045138888885,0.1760513085679604,0,0,0.0,0.0,0.0,0.36589999217540026,37.86489996127784,40.79559998353943,1,0.0,
video_digital_4,digital,237,7.907907907907909,97.41242621527778,54.41818316479547,269.7753164442086,4.1300435066223145,6.621254340277778,0.17700795470945796,0,0,0.0,0.0,0.0,0.3277999931015074,34.677799965720624,38.457199989352375,1,0.0,
video_digital_4,digital,238,7.941274607941275,97.44927951388888,54.436610182181006,243.84275856112257,3.928591728210449,6.861671006944444,0.17601971866038194,0,0,0.0,0.0,0.0,0.30700000934302807,31.305800017435104,33.994600002188236,1,0.0,
video_digital_4,digital,239,7.974641307974641,97.24632378472222,54.424872777527234,281.3683053866916,4.22287130355835,6.6940234375,0.17793955019127264,0,0,0.0,0.0,0.0,0.3695999621413648,35.477600002195686,38.38489996269345,1,0.0,
video_digital_4,digital,240,8.008008008008009,97.30493923611111,54.65272448206292,303.16813749546003,4.364712238311768,6.996627604166667,0.17873257501078496,0,0,0.0,0.0,0.0,0.36669999826699495,34.14529998553917,38.098599994555116,1,0.0,
video_digital_4,digital,241,8.041374708041374,97.04518663194445,54.82102526829377,327.56210069376624,4.462606906890869,7.045811631944445,0.17930215809651756,0,0,0.0,0.0,0.0,0.3780000261031091,37.304400000721216,41.04819998610765,1,0.0,
video_digital_4,digital,242,8.074741408074741,97.05593315972222,55.078134059864134,325.14209635414784,4.417611598968506,7.189956597222222,0.1785252216657309,0,0,0.0,0.0,0.0,0.4026999813504517,36.21500002918765,39.453900011722,1,0.0,
video_digital_4,digital,243,8.108108108108109,97.11869791666666,54.99878280887093,385.4919614652657,4.8280348777771,7.087061631944445,0.18122132576735006,0,0,0.0,0.0,0.0,0.305800000205636,33.19420001935214,36.72029997687787,1,0.0,
video_digital_4,digital,244,8.141474808141474,97.77749131944445,54.997697113640534,307.77975670814044,4.332281589508057,7.028723958333333,0.17703497163181667,0,0,0.0,0.0,0.0,0.3823000006377697,33.19800004828721,36.32410004502162,1,0.0,
video_digital_4,digital,245,8.174841508174842,97.6246657986111,55.074027013595185,313.37713378838436,4.328876972198486,6.6883376736111115,0.17633575920118233,0,0,0.0,0.0,0.0,0.27600000612437725,34.876400022767484,38.15819998271763,1,0.0,
video_digital_4,digital,246,8.208208208208209,97.75627604166667,55.01110974934387,347.2193532970852,4.580524444580078,6.494691840277778,0.17767525111164084,0,0,0.0,0.0,0.0,0.2807000419124961,32.22910000476986,35.0040000048466,1,0.0,
video_digital_4,digital,247,8.241574908241574,98.18762586805556,55.14208187251389,295.9624391438049,4.203140735626221,6.532278645833333,0.1743481585288448,0,0,0.0,0.0,0.0,0.26519998209550977,31.95370000321418,34.77959998417646,1,0.0,
video_digital_4,digital,248,8.274941608274942,98.08620659722222,55.32667527732025,308.52000369554685,4.269752502441406,6.274943576388889,0.17390164078026857,0,0,0.0,0.0,0.0,0.28410000959411263,31.836199981626123,34.62079999735579,1,0.0,
video_digital_4,digital,249,8.308308308308309,98.1393142361111,55.3285974807107,347.7021771465537,4.573176860809326,5.899774305555556,0.17515305586839178,0,0,0.0,0.0,0.0,0.2598999999463558,32.43790002306923,35.51750001497567,1,0.0,
video_digital_4,digital,250,8.341675008341676,98.75558159722222,55.446919445211996,318.45867431452245,4.357425689697266,6.254001736111111,0.1733158079793818,0,0,0.0,0.0,0.0,0.3364000003784895,37.99119999166578,41.047099977731705,1,0.0,
video_digital_4,digital,251,8.375041708375042,98.94638888888889,55.63639403418003,314.16214794919995,4.341884136199951,6.122925347222222,0.1722005942584196,0,0,0.0,0.0,0.0,0.4037999897263944,32.78070001397282,36.33630002150312,1,0.0,
video_digital_4,digital,252,8.408408408408409,98.81062065972222,55.78975412965557,320.80822480331227,4.335324287414551,5.753893229166667,0.17118648233890213,0,0,0.0,0.0,0.0,0.30209997203201056,33.29309995751828,36.97909996844828,1,0.0,
video_digital_4,digital,253,8.441775108441776,98.69276909722223,56.47982034054426,333.872452057092,4.420253276824951,6.404665798611111,0.171139905321009,0,0,0.0,0.0,0.0,0.3217999474145472,31.071399978827685,33.67429994978011,1,0.0,
video_digital_4,digital,254,8.475141808475142,98.71773003472222,56.57688236318378,334.783110109965,4.463299751281738,6.1845095486111115,0.17070740297512976,0,0,0.0,0.0,0.0,0.3505999920889735,33.12710003228858,36.86550003476441,1,0.0,
video_digital_4,digital,255,8.508508508508509,98.79084635416666,56.59074640378193,391.03846589217954,4.825293064117432,5.759166666666666,0.1721975430798093,0,0,0.0,0.0,0.0,0.2664000494405627,31.72550001181662,34.35560001526028,1,0.0,
video_digital_4,digital,256,8.541875208541876,99.41810329861111,56.532677554419514,321.4283188871407,4.326763153076172,6.038376736111111,0.16882549087151566,0,0,0.0,0.0,0.0,0.2835000050254166,31.527899962384254,34.40979996230453,1,0.0,
video_digital_4,digital,257,8.575241908575242,99.32461371527778,56.69026977857662,304.3975887037489,4.215143203735352,5.911779513888889,0.16750371233174982,0,0,0.0,0.0,0.0,0.29449997236952186,31.21279994957149,34.03429995523766,1,0.0,
video_digital_4,digital,258,8.608608608608609,99.37809461805556,56.90130207009588,335.2018705801316,4.479058265686035,5.616857638888889,0.16804429944897167,0,0,0.0,0.0,0.0,0.29529997846111655,30.64990002894774,33.27060001902282,1,0.0,
video_digital_4,digital,259,8.641975308641976,99.57871527777777,57.12236851234899,309.8998955970294,4.330319881439209,5.943841145833333,0.16679816158418728,0,0,0.0,0.0,0.0,0.27279998175799847,31.585299992002547,34.19509995728731,1,0.0,
video_digital_4,digital,260,8.675342008675342,99.17628038194445,57.39970424682321,307.51631123860676,4.259147644042969,5.789683159722222,0.16571569878343134,0,0,0.0,0.0,0.0,0.2777999616228044,30.66789999138564,33.356199972331524,1,0.0,
video_digital_4,digital,261,8.70870870870871,99.29111979166667,57.3277224207229,306.6882624330121,4.2716264724731445,5.692921006944444,0.16568801910888564,0,0,0.0,0.0,0.0,0.29180001001805067,44.269700010772794,46.94770002970472,1,0.0,
video_digital_4,digital,262,8.742075408742076,99.60204427083333,57.36077584956477,365.5164764700996,4.654416561126709,5.6917144097222225,0.16777745879042946,0,0,0.0,0.0,0.0,0.3628000267781317,49.389899999368936,53.42860001837835,1,0.0,
video_digital_4,digital,263,8.775442108775442,99.95819010416666,57.11434385190816,339.20146635674365,4.481133937835693,5.6892274305555555,0.166902674539722,0,0,0.0,0.0,0.0,0.27379998937249184,35.36000003805384,38.17640000488609,1,0.0,
video_digital_4,digital,264,8.80880880880881,99.54225260416666,57.45359361761936,330.5453032225809,4.426800727844238,6.053654513888889,0.16674380711143394,0,0,0.0,0.0,0.0,0.3635999746620655,33.012199972290546,37.027099984698,1,0.0,
video_digital_4,digital,265,8.842175508842177,99.34811197916666,57.88559330842188,336.684140600586,4.488519668579102,5.783949652777777,0.16564368600617949,0,0,0.0,0.0,0.0,0.34339999547228217,34.80429999763146,38.331299962010235,1,0.0,
video_digital_4,digital,266,8.875542208875542,99.18665364583333,57.98594170650424,353.52107899966774,4.6047587394714355,5.55765625,0.1658975542868388,0,0,0.0,0.0,0.0,0.3312999615445733,32.79919998021796,36.30379994865507,1,0.0,
video_digital_4,digital,267,8.90890890890891,99.28762152777777,57.83065555372363,352.0008130477906,4.5999321937561035,5.4737717013888885,0.16603298276552364,0,0,0.0,0.0,0.0,0.2780999639071524,28.950999956578016,31.649499956984073,1,0.0,
video_digital_4,digital,268,8.942275608942277,99.31039930555555,57.6490910371534,423.3362908793132,5.012351036071777,5.250295138888889,0.16885538153561566,0,0,0.0,0.0,0.0,0.3082000184804201,35.39530001580715,38.489800004754215,1,0.0,
video_digital_4,digital,269,8.975642308975642,99.57006076388889,57.28692045034196,339.3296880086075,4.4824724197387695,5.123012152777778,0.16581349086431865,0,0,0.0,0.0,0.0,0.31269999453797936,33.66780001670122,37.25669998675585,1,0.0,
video_digital_4,digital,270,9.00900900900901,99.23761284722222,57.654156114005936,329.7890188259549,4.415217876434326,5.3641579861111115,0.16515914612254182,0,0,0.0,0.0,0.0,0.2823999966494739,32.53419999964535,35.41449998738244,1,0.0,
video_digital_4,digital,271,9.042375709042377,99.1123046875,57.83282147033521,326.483627593316,4.423624038696289,5.164292534722223,0.16447738840065806,0,0,0.0,0.0,0.0,0.26840000646188855,30.472399957943708,33.85329997399822,1,0.0,
video_digital_4,digital,272,9.075742409075742,99.01217013888889,57.665536246858224,380.9081843015883,4.772520065307617,4.522408854166667,0.16619559314302862,0,0,0.0,0.0,0.0,0.35140005638822913,35.830600012559444,39.39700004411861,1,0.0,
video_digital_4,digital,273,9.10910910910911,99.0517751736111,57.544062803641644,314.7521097464667,4.324392795562744,4.859327256944445,0.16414027283872656,0,0,0.0,0.0,0.0,0.3032000386156142,30.615199997555465,34.26230000331998,1,0.0,
video_digital_4,digital,274,9.142475809142477,98.34420138888889,57.785254219956485,318.1648298090994,4.366189002990723,4.9087890625,0.16465497652140032,0,0,0.0,0.0,0.0,0.2767000114545226,32.91040001204237,35.51860002335161,1,0.0,
video_digital_4,digital,275,9.175842509175842,98.19491753472222,57.737597177353855,327.72327817533517,4.38104772567749,4.635985243055556,0.16455431855377725,0,0,0.0,0.0,0.0,0.3931000246666372,30.536799982655793,36.556200007908046,1,0.0,
video_digital_4,digital,276,9.20920920920921,98.16269965277777,57.575590751209525,387.7722939663357,4.781805992126465,4.152087673611111,0.1668195112811878,0,0,0.0,0.0,0.0,0.3160000196658075,31.20269998908043,34.12440000101924,1,0.0,
video_digital_4,digital,277,9.242575909242577,98.48375868055555,57.37120006876843,312.49636467780596,4.2699737548828125,4.4664496527777775,0.16420298195230273,0,0,0.0,0.0,0.0,0.26400003116577864,35.474999982398,38.359600002877414,1,0.0,
video_digital_4,digital,278,9.275942609275942,98.18328993055556,57.35770177938154,303.38943274980716,4.262362003326416,4.352751736111111,0.16433111253634103,0,0,0.0,0.0,0.0,0.32249995274469256,35.700100008398294,39.05259998282418,1,0.0,
video_digital_4,digital,279,9.30930930930931,97.73787760416667,57.53169388605044,308.7703232263447,4.299758434295654,4.1852734375,0.1642932944631058,0,0,0.0,0.0,0.0,0.5115999956615269,33.28979999059811,37.52720000920817,1,0.0,
video_digital_4,digital,280,9.342676009342677,97.75023003472222,57.4996121472354,365.0374940923997,4.684024810791016,3.58890625,0.165814011669504,0,0,0.0,0.0,0.0,0.3678999491967261,35.91410000808537,39.887099992483854,1,0.0,
video_digital_4,digital,281,9.376042709376042,97.99610243055555,57.49221831779166,311.51376199813654,4.300049304962158,4.1700651041666665,0.16407571140036603,0,0,0.0,0.0,0.0,0.28500001644715667,30.316299991682172,33.599000016693026,1,0.0,
video_digital_4,digital,282,9.40940940940941,97.71830295138889,57.64177855937551,332.22254600573876,4.461512088775635,3.9817578125,0.16469856172796035,0,0,0.0,0.0,0.0,0.3201999934390187,31.68710001045838,34.366500040050596,1,0.0,
video_digital_4,digital,283,9.442776109442777,97.79307291666667,57.78864374695723,325.9760195583014,4.4033122062683105,3.919353298611111,0.16368597456100847,0,0,0.0,0.0,0.0,0.39080000715330243,30.900799960363656,33.659700013231486,1,0.0,
video_digital_4,digital,284,9.476142809476142,97.98165364583333,57.79540668661318,372.748219554741,4.697917461395264,3.5267838541666667,0.164672759520751,0,0,0.0,0.0,0.0,0.28389994986355305,30.44379997299984,33.22309994837269,1,0.0,
video_digital_4,digital,285,9.50950950950951,98.62437065972222,57.640171243385275,298.5953573151577,4.220496654510498,3.8579600694444443,0.16179830171956036,0,0,0.0,0.0,0.0,0.30150002567097545,31.13149997079745,34.857099992223084,1,0.0,
video_digital_4,digital,286,9.542876209542877,98.75450520833333,57.72756570029836,287.1459251724055,4.173852920532227,3.5682421875,0.16054132454711537,0,0,0.0,0.0,0.0,0.30369998421519995,31.582600029651076,34.6760000102222,1,0.0,
video_digital_4,digital,287,9.576242909576242,98.99177083333333,57.83429688188906,330.75748958587644,4.461905002593994,3.357986111111111,0.16148335935510327,0,0,0.0,0.0,0.0,0.27409999165683985,32.219800050370395,34.87350000068545,1,0.0,
video_digital_4,digital,288,9.60960960960961,98.991015625,57.925182055441184,266.0233138291347,3.971991539001465,3.6771788194444444,0.15855697248190226,0,0,0.0,0.0,0.0,0.2826999989338219,34.215399995446205,37.09519997937605,1,0.0,
video_digital_4,digital,289,9.642976309642977,98.89654079861111,58.14210877399188,275.9957902051384,4.120233535766602,3.7497352430555555,0.15917265198475194,0,0,0.0,0.0,0.0,0.37969998084008694,34.51140003744513,37.458500009961426,1,0.0,
video_digital_4,digital,290,9.676343009676343,99.10938802083334,58.2245268013409,316.273387109375,4.36962890625,3.156918402777778,0.1592378676375817,0,0,0.0,0.0,0.0,0.2837000065483153,32.00529998866841,34.665899991523474,1,0.0,
video_digital_4,digital,291,9.70970970970971,98.68391059027778,59.06522117322517,764.6896938407051,6.680487632751465,5.758246527777778,0.177619660478637,0,0,0.0,0.0,0.0,0.31509995460510254,33.30349997850135,36.222999973688275,1,0.0,
video_digital_4,digital,292,9.743076409743077,99.3133203125,58.8183943911242,571.122636913893,5.932497024536133,5.7253125,0.17253604247307233,0,0,0.0,0.0,0.0,0.382099999114871,29.941199987661093,33.496999996714294,1,0.0,
video_digital_4,digital,293,9.776443109776443,99.483359375,58.87929206311408,592.9930528923129,5.929500102996826,5.248467881944444,0.17124794003286456,0,0,0.0,0.0,0.0,0.2592999953776598,29.582199989818037,32.236099999863654,1,0.0,
video_digital_4,digital,294,9.80980980980981,99.95565104166667,58.65013471653,462.3460012350954,5.385090351104736,4.960425347222222,0.16717755995536565,1,1,0.4224510192871094,0.4224510192871094,0.4224510192871094,0.34559995401650667,30.496700026560575,34.41449999809265,1,0.3518266886820333,person
video_digital_4,digital,295,9.843176509843177,99.71818576388888,58.78588257786514,437.6485789059487,5.170782089233398,4.584895833333333,0.16493624025366166,0,0,0.0,0.0,0.0,0.2859000233002007,31.639099994208664,34.324900014325976,1,0.0,
video_digital_4,digital,296,9.876543209876544,99.00700954861111,59.18182485110193,423.2975972410414,5.041788101196289,4.633676215277778,0.16387315781206752,1,1,0.3518630564212799,0.3518630564212799,0.3518630564212799,0.2951999776996672,34.33350002160296,37.05929999705404,1,0.2942021462481191,person
video_digital_4,digital,297,9.90990990990991,99.222109375,59.06970369703993,421.1276478942871,5.024831771850586,3.746323784722222,0.16216361734431964,0,0,0.0,0.0,0.0,0.29520003590732813,33.63800002261996,36.301600048318505,1,0.0,
video_digital_4,digital,298,9.943276609943277,99.21506510416667,59.052611323454826,493.48913760667966,5.3917927742004395,3.232912326388889,0.16370450027282826,0,0,0.0,0.0,0.0,0.3212000010535121,33.73119997559115,37.07580000627786,1,0.0,
video_digital_4,digital,299,9.976643309976645,99.46198350694445,58.955637195918854,406.07667364726126,4.88301420211792,3.669670138888889,0.16111814072130393,0,0,0.0,0.0,0.0,0.3372999490238726,36.47859999909997,39.786099980119616,1,0.0,
video_digital_4,digital,300,10.01001001001001,99.11878038194445,59.02763316581789,376.4238037976677,4.749107837677002,3.5615711805555557,0.160220811689369,0,0,0.0,0.0,0.0,0.30519999563694,36.08440002426505,39.66260002925992,1,0.0,
video_digital_4,digital,301,10.043376710043377,98.67998697916667,59.170302782928545,388.61807690879914,4.79824161529541,3.5595572916666667,0.1606531942203791,0,0,0.0,0.0,0.0,0.312299991492182,29.256600013468415,32.90600003674626,1,0.0,
video_digital_4,digital,302,10.076743410076745,98.19954861111111,59.37281668328831,391.89319195328693,4.804071426391602,3.7670963541666667,0.16106780583546662,0,0,0.0,0.0,0.0,0.28490001568570733,32.293900032527745,35.051300015766174,1,0.0,
video_digital_4,digital,303,10.11011011011011,98.37543402777777,59.32149310395392,406.65682385101314,4.892631530761719,3.5908333333333333,0.1612674281456953,0,0,0.0,0.0,0.0,0.26890001026913524,30.152599967550486,32.87669998826459,1,0.0,
video_digital_4,digital,304,10.143476810143477,98.34209635416667,59.312079354975026,464.4090405815219,5.16591739654541,3.0612369791666665,0.1621624579716617,0,0,0.0,0.0,0.0,0.31109998235479,34.09919998375699,36.7973999818787,1,0.0,
video_digital_4,digital,305,10.176843510176845,98.64343315972222,59.24427517043616,388.2999901543323,4.749762058258057,3.3699739583333335,0.1598061832383343,0,0,0.0,0.0,0.0,0.2590999938547611,36.72869998263195,39.289699983783066,1,0.0,
video_digital_4,digital,306,10.21021021021021,98.39472222222223,59.26502726330311,353.49012661311775,4.507708549499512,3.2787890625,0.15825483090929204,0,0,0.0,0.0,0.0,0.3077000146731734,31.619700021110475,34.74780003307387,1,0.0,
video_digital_4,digital,307,10.243576910243577,97.92219618055556,59.50061038175819,360.4988200464884,4.571755886077881,3.460269097222222,0.15890490658429074,0,0,0.0,0.0,0.0,0.4259999841451645,31.206000014208257,34.498499997425824,1,0.0,
video_digital_4,digital,308,10.276943610276945,97.86829427083333,59.53787573910003,407.7054813186457,4.85141658782959,2.8707335069444446,0.15962087359275443,0,0,0.0,0.0,0.0,0.291000003926456,32.54360001301393,35.178399994038045,1,0.0,
video_digital_4,digital,309,10.31031031031031,97.93453993055556,59.62914609431902,364.7970376487261,4.587975978851318,3.504544270833333,0.15871428953478,0,0,0.0,0.0,0.0,0.29309996170923114,30.075900023803115,33.15979999024421,1,0.0,
video_digital_4,digital,310,10.343677010343677,97.49029079861111,59.77263069072452,373.10249854570554,4.629929542541504,3.6185286458333334,0.15932039071035795,0,0,0.0,0.0,0.0,0.3328999737277627,27.186600025743246,30.71229998022318,1,0.0,
video_digital_4,digital,311,10.377043710377045,96.87092447916666,60.02793903990022,382.7935346543865,4.71724796295166,3.5908506944444443,0.1598498311861918,0,0,0.0,0.0,0.0,0.3095999709330499,32.123499957378954,35.31079995445907,1,0.0,
video_digital_4,digital,312,10.41041041041041,96.7653689236111,60.02818966976121,368.9972196721396,4.659153461456299,3.4406510416666665,0.15930437708181658,0,0,0.0,0.0,0.0,0.3254999755881727,33.85320003144443,36.98859998257831,1,0.0,
video_digital_4,digital,313,10.443777110443778,96.8194921875,60.042366330810424,389.670542317633,4.795651912689209,3.552013888888889,0.16031899292128482,0,0,0.0,0.0,0.0,0.38350000977516174,33.12850004294887,36.16740001598373,1,0.0,
video_digital_4,digital,314,10.477143810477145,96.84453125,60.11047746726666,449.888695636495,5.067692756652832,3.642408854166667,0.16207802813999878,0,0,0.0,0.0,0.0,0.28550002025440335,29.60860001621768,32.203700044192374,1,0.0,
video_digital_4,digital,315,10.51051051051051,97.36768229166667,60.226654297390574,376.6633341037326,4.660547256469727,4.116666666666666,0.1593055525898027,0,0,0.0,0.0,0.0,0.29090000316500664,32.520499953534454,35.569800005760044,1,0.0,
video_digital_4,digital,316,10.543877210543878,97.44010416666667,60.09028246039208,358.5205719852401,4.554957866668701,4.044895833333333,0.1587714846260759,0,0,0.0,0.0,0.0,0.34089997643604875,32.21039997879416,34.893999982159585,1,0.0,
video_digital_4,digital,317,10.577243910577245,97.06361545138888,60.1933771284097,349.0282925754123,4.4912285804748535,4.0808723958333335,0.15856245047879514,0,0,0.0,0.0,0.0,0.3486999776214361,34.41359999123961,37.90980001213029,1,0.0,
video_digital_4,digital,318,10.61061061061061,97.11089409722223,60.27373375092155,343.2427165598928,4.438765525817871,4.353693576388889,0.1584390242083152,0,0,0.0,0.0,0.0,0.3321000258438289,34.66629999456927,38.660200021695346,1,0.0,
video_digital_4,digital,319,10.643977310643978,97.11119791666667,60.37953460618457,404.70561234055504,4.826669216156006,4.357708333333333,0.16072993088730542,0,0,0.0,0.0,0.0,0.4211000050418079,34.48529995512217,38.53779996279627,1,0.0,
video_digital_4,digital,320,10.677344010677345,97.3381467013889,60.15534657794357,319.5980941160414,4.261135101318359,4.512625868055555,0.1576237124859429,0,0,0.0,0.0,0.0,0.31999999191612005,32.80519996769726,36.8029999663122,1,0.0,
video_digital_4,digital,321,10.71071071071071,97.15713975694445,60.203448971253195,355.1082167093913,4.511849403381348,4.327760416666667,0.1590240323819578,0,0,0.0,0.0,0.0,0.40389999048784375,33.4770999616012,36.55869996873662,1,0.0,
video_digital_4,digital,322,10.744077410744078,96.48367621527778,60.75635692785705,374.3295833330319,4.658659934997559,5.794557291666667,0.16196558643017567,0,0,0.0,0.0,0.0,0.335100048687309,32.90930000366643,35.673400037921965,1,0.0,
video_digital_4,digital,323,10.777444110777445,96.28306857638889,60.9641465084803,393.5526626842922,4.8385725021362305,5.480355902777778,0.1622182004111285,0,0,0.0,0.0,0.0,0.2783999661915004,33.92770001664758,36.639500001911074,1,0.0,
video_digital_4,digital,324,10.81081081081081,96.15193576388889,60.91614146122234,460.97124853447804,5.197037220001221,5.407808159722222,0.16476336935360464,0,0,0.0,0.0,0.0,0.34550001146271825,32.882000028621405,36.57220001332462,1,0.0,
video_digital_4,digital,325,10.844177510844178,96.45147135416667,60.863688395540265,385.2117677358933,4.778184413909912,5.8071484375,0.1625172514236865,0,0,0.0,0.0,0.0,0.33359997905790806,34.75349996006116,37.942899973131716,1,0.0,
video_digital_4,digital,326,10.877544210877545,96.48214409722222,60.67493206275153,348.5070771904651,4.524038791656494,5.700308159722222,0.16112583998239952,0,0,0.0,0.0,0.0,0.3459000145085156,35.529499989934266,39.65099999913946,1,0.0,
video_digital_4,digital,327,10.91091091091091,96.4440234375,60.78418441467964,400.264214404278,4.845343112945557,5.852582465277778,0.16328608137193984,0,0,0.0,0.0,0.0,0.3184000379405916,32.63490000972524,35.29480000725016,1,0.0,
video_digital_4,digital,328,10.944277610944278,96.61392795138889,60.717817032104456,325.8560383119183,4.3649821281433105,6.084670138888889,0.16050857262428558,0,0,0.0,0.0,0.0,0.2930000191554427,31.602000002749264,34.32710003107786,1,0.0,
video_digital_4,digital,329,10.977644310977645,96.44460503472222,60.84877290493795,375.0422173595852,4.695155620574951,5.910772569444444,0.1622087150924936,0,0,0.0,0.0,0.0,0.26349996915087104,31.15529997739941,33.80599996307865,1,0.0,
video_digital_4,digital,330,11.01101101101101,96.618671875,60.996991447096754,311.27612944424476,4.289132595062256,6.6390234375,0.1602390992330141,0,0,0.0,0.0,0.0,0.3114000428467989,31.503700010944158,34.29060004418716,1,0.0,
video_digital_4,digital,331,11.044377711044378,96.6302517361111,61.13748371247849,351.91842552083335,4.518296718597412,6.340625,0.16079233314773703,0,0,0.0,0.0,0.0,0.28929999098181725,31.10030002426356,33.77430001273751,1,0.0,
video_digital_4,digital,332,11.077744411077745,96.76966145833333,60.98738961801949,289.4947757793662,4.106045246124268,6.6951736111111115,0.15897359747572376,0,0,0.0,0.0,0.0,0.4222000134177506,31.12389997113496,34.239000000525266,1,0.0,
video_digital_4,digital,333,11.11111111111111,96.5120703125,61.067458161621936,333.5737224192678,4.407838344573975,6.812738715277778,0.16128026717512814,0,0,0.0,0.0,0.0,0.3197999903932214,34.261500055436045,37.96640003565699,1,0.0,
video_digital_4,digital,334,11.144477811144478,96.77477864583334,61.045282459701035,277.3068096787441,4.009615898132324,7.349314236111111,0.1593858204879741,0,0,0.0,0.0,0.0,0.3288000007160008,32.994500012136996,36.92300000693649,1,0.0,
video_digital_4,digital,335,11.177844511177845,96.55595052083333,61.1855968358912,312.1344017349055,4.284308433532715,7.490711805555556,0.16133877113527337,0,0,0.0,0.0,0.0,0.3598000039346516,31.034499988891184,34.329399990383536,1,0.0,
video_digital_4,digital,336,11.21121121121121,96.67243923611112,61.17558975662564,293.95082421858046,4.136032581329346,7.9947699652777775,0.16118692061105555,0,0,0.0,0.0,0.0,0.29070000164210796,31.520399963483214,34.48269999353215,1,0.0,
video_digital_4,digital,337,11.244577911244578,96.5199001736111,61.170926734799444,321.3097394627701,4.3408050537109375,8.074214409722222,0.16289380940035783,0,0,0.0,0.0,0.0,0.29289996018633246,32.93869999470189,35.78699997160584,1,0.0,
video_digital_4,digital,338,11.277944611277945,96.63259982638888,61.049770684412685,273.8132693029145,4.051093101501465,8.503107638888888,0.16198014350748027,0,0,0.0,0.0,0.0,0.3098000306636095,33.414100005757064,36.437900038436055,1,0.0,
video_digital_4,digital,339,11.311311311311313,96.36994357638889,61.0622664636181,308.18319264134533,4.302865505218506,8.673376736111111,0.1642511858828589,0,0,0.0,0.0,0.0,0.29200001154094934,32.3983000125736,35.218500008340925,1,0.0,
video_digital_4,digital,340,11.344678011344678,96.60486545138889,60.834309579275285,252.3396890379164,3.8763668537139893,9.134296875,0.16264701350727814,0,0,0.0,0.0,0.0,0.3457000129856169,35.97219998482615,40.02570000011474,1,0.0,
video_digital_4,digital,341,11.378044711378045,96.403125,60.76465578781923,282.94096604996673,4.114919662475586,9.291549479166667,0.16496856673874924,0,0,0.0,0.0,0.0,0.39249996189028025,35.7792999711819,38.85209996951744,1,0.0,
video_digital_4,digital,342,11.411411411411413,96.46773003472222,60.64760281945662,271.1698344304403,4.009001731872559,9.913858506944445,0.165687707757741,0,0,0.0,0.0,0.0,0.2960000419989228,31.501200050115585,34.43530004005879,1,0.0,
video_digital_4,digital,343,11.444778111444778,96.28838541666667,60.553887363435855,310.2777633878731,4.298830986022949,10.1871484375,0.16861107351927623,0,0,0.0,0.0,0.0,0.30509999487549067,33.89160003280267,37.11299999849871,1,0.0,
video_digital_4,digital,344,11.478144811478145,96.38193576388889,60.47851727808475,270.41862504323325,4.012752056121826,10.461119791666667,0.16732286081130826,0,0,0.0,0.0,0.0,0.36339997313916683,34.01730000041425,37.666900025215,1,0.0,
video_digital_4,digital,345,11.511511511511513,96.06841145833333,60.47949619910345,305.7361939719683,4.281554222106934,10.717126736111112,0.16996094347902904,0,0,0.0,0.0,0.0,0.27550000231713057,31.31099999882281,33.994600002188236,1,0.0,
video_digital_4,digital,346,11.544878211544878,96.20871527777778,60.399488624716575,267.46207026350237,4.016711711883545,11.10548611111111,0.16898703032501475,0,0,0.0,0.0,0.0,0.2587999915704131,32.56170003442094,35.246499988716096,1,0.0,
video_digital_4,digital,347,11.578244911578246,96.07398871527778,60.281457602688526,307.54809588208616,4.301966190338135,11.304952256944444,0.17175845920122687,0,0,0.0,0.0,0.0,0.24269998539239168,32.215400016866624,34.735499997623265,1,0.0,
video_digital_4,digital,348,11.611611611611613,96.3713845486111,60.05442954864268,256.51809897037083,3.952092409133911,11.301779513888889,0.16971879256531058,0,0,0.0,0.0,0.0,0.25969999842345715,31.75389999523759,34.706000005826354,1,0.0,
video_digital_4,digital,349,11.644978311644978,96.3448828125,60.03190154032297,313.03069867553705,4.314657688140869,11.475442708333333,0.17255705716606853,0,0,0.0,0.0,0.0,0.2327000256627798,33.53130002506077,36.14040004322305,1,0.0,
video_digital_4,digital,350,11.678345011678346,96.45935763888889,59.91979583800272,269.0004836425028,3.9891419410705566,11.556792534722222,0.17072510885036837,0,0,0.0,0.0,0.0,0.29390002600848675,31.191800022497773,34.906100016087294,1,0.0,
video_digital_4,digital,351,11.711711711711713,96.37799479166667,59.77064178957319,313.6748366751777,4.328385353088379,11.50203125,0.17340592960911605,0,0,0.0,0.0,0.0,0.2471000188961625,32.750199956353754,35.43980000540614,1,0.0,
video_digital_4,digital,352,11.745078411745078,96.76648871527777,59.48152687448587,269.4804592700346,3.994654893875122,11.815308159722223,0.17213744502645548,0,0,0.0,0.0,0.0,0.26300002355128527,30.813999997917563,33.867100020870566,1,0.0,
video_digital_4,digital,353,11.778445111778446,96.74222222222222,59.31406164018928,308.71992607030046,4.300050258636475,11.807096354166667,0.17466503790279753,0,0,0.0,0.0,0.0,0.2686000079847872,31.13869996741414,33.89289998449385,1,0.0,
video_digital_4,digital,354,11.811811811811813,97.49716145833334,59.10858953253761,268.77748001475396,4.002463340759277,11.590451388888889,0.17197381516458327,0,0,0.0,0.0,0.0,0.2927000168710947,36.61139996256679,40.14090000418946,1,0.0,
video_digital_4,digital,355,11.845178511845178,97.65463975694445,58.986084765142465,305.82015122731525,4.266418933868408,11.578276909722222,0.1738754370047343,0,0,0.0,0.0,0.0,0.3025000332854688,31.847400008700788,35.41880002012476,1,0.0,
video_digital_4,digital,356,11.878545211878546,98.24464409722222,58.590914723654755,266.5719754863975,3.9431214332580566,11.48115017361111,0.17197294221191578,0,0,0.0,0.0,0.0,0.26530004106462,34.63110001757741,37.396400002762675,1,0.0,
video_digital_4,digital,357,11.911911911911913,98.25407118055556,58.32654890536737,308.43471612953846,4.273631572723389,11.399036458333333,0.17476662014865685,0,0,0.0,0.0,0.0,0.3195999888703227,34.12729996489361,37.75299998233095,1,0.0,
video_digital_4,digital,358,11.945278611945279,99.17174045138889,58.041372165219556,266.90194478684407,4.015852928161621,11.498936631944444,0.17297058845637311,0,0,0.0,0.0,0.0,0.28740003472194076,27.53720001783222,30.3816000232473,1,0.0,
video_digital_4,digital,359,11.978645311978646,99.48967013888888,57.843750540808664,317.0261274413309,4.381897926330566,11.463953993055556,0.17553589428238137,0,0,0.0,0.0,0.0,0.30860002152621746,33.47839997150004,36.360899975989014,1,0.0,
video_digital_4,digital,360,12.012012012012013,101.00440972222222,57.16956517189228,304.9962807568962,4.2230329513549805,14.023394097222223,0.17941994198708547,0,0,0.0,0.0,0.0,0.26240001898258924,31.600199989043176,34.28020002320409,1,0.0,
